СПОРТИВНЫЙ КАЛЕНДАРЬ
============================================================
Период: 01.08.2026 - 01.06.2027
Команд: 20, Матчей: 380
============================================================


02.08.2026 (вс)
  18:00 | Снежные Ласточки — Снежноград vs Вишнёвые Краги — Вишнёвая Застава
  18:00 | Вишнёвые Краги — Вишнёвая Застава vs Снежные Ласточки — Снежноград

07.08.2026 (пт)
  12:00 | Туманные Шалопаи — Туманный Перевал vs Сказочные Нити — Златолесье
  12:00 | Сказочные Нити — Златолесье vs Туманные Шалопаи — Туманный Перевал
  15:00 | Хохотунчики — Бархатный Холм vs Радужные Мосты — Светлый Порог
  15:00 | Радужные Мосты — Светлый Порог vs Хохотунчики — Бархатный Холм

08.08.2026 (сб)
  12:00 | Небесные Дудочки — Звёздный Ключ vs Снежные Ласточки — Снежноград
  12:00 | Снежные Ласточки — Снежноград vs Небесные Дудочки — Звёздный Ключ
  18:00 | Берёзовые Струны — Берёзовая Роща vs Снежные Ласточки — Снежноград
  18:00 | Снежные Ласточки — Снежноград vs Берёзовые Струны — Берёзовая Роща

09.08.2026 (вс)
  18:00 | Сказочные Нити — Златолесье vs Вишнёвые Краги — Вишнёвая Застава
  18:00 | Вишнёвые Краги — Вишнёвая Застава vs Сказочные Нити — Златолесье

14.08.2026 (пт)
  12:00 | Лунные Кони — Луногорье vs Вишнёвые Краги — Вишнёвая Застава
  12:00 | Вишнёвые Краги — Вишнёвая Застава vs Лунные Кони — Луногорье
  18:00 | Ветерок-Игрун — Берёзовая Роща vs Небесные Дудочки — Звёздный Ключ
  18:00 | Небесные Дудочки — Звёздный Ключ vs Ветерок-Игрун — Берёзовая Роща

15.08.2026 (сб)
  18:00 | Снежные Ласточки — Снежноград vs Путешественники-Кометы — Дальний Бугор
  18:00 | Путешественники-Кометы — Дальний Бугор vs Снежные Ласточки — Снежноград

16.08.2026 (вс)
  18:00 | Золотые Колокольчики — Туманный Перевал vs Хохотунчики — Бархатный Холм
  18:00 | Хохотунчики — Бархатный Холм vs Золотые Колокольчики — Туманный Перевал

21.08.2026 (пт)
  15:00 | Изумрудные Стражи — Изумрудград vs Речной Сонет — Качаловка
  15:00 | Речной Сонет — Качаловка vs Изумрудные Стражи — Изумрудград
  18:00 | Хрустальные Флаги — Изумрудград vs Сказочные Нити — Златолесье
  18:00 | Сказочные Нити — Златолесье vs Хрустальные Флаги — Изумрудград

22.08.2026 (сб)
  18:00 | Лунные Кони — Луногорье vs Одуванчиковый Отряд — Полянка Дубровна
  18:00 | Одуванчиковый Отряд — Полянка Дубровна vs Лунные Кони — Луногорье

23.08.2026 (вс)
  15:00 | Речной Сонет — Качаловка vs Пурпурные Мячники — Гусиное Копытце
  15:00 | Пурпурные Мячники — Гусиное Копытце vs Речной Сонет — Качаловка

28.08.2026 (пт)
  15:00 | Рыжие Погоны — Крапивное vs Вишнёвые Краги — Вишнёвая Застава
  15:00 | Вишнёвые Краги — Вишнёвая Застава vs Рыжие Погоны — Крапивное

29.08.2026 (сб)
  12:00 | Ветерок-Игрун — Берёзовая Роща vs Шелковые Крылья — Тихий Сад
  12:00 | Шелковые Крылья — Тихий Сад vs Ветерок-Игрун — Берёзовая Роща
  15:00 | Изумрудные Стражи — Изумрудград vs Берёзовые Струны — Берёзовая Роща
  15:00 | Берёзовые Струны — Берёзовая Роща vs Изумрудные Стражи — Изумрудград

30.08.2026 (вс)
  15:00 | Лунные Кони — Луногорье vs Ветерок-Игрун — Берёзовая Роща
  15:00 | Ветерок-Игрун — Берёзовая Роща vs Лунные Кони — Луногорье
  18:00 | Золотые Колокольчики — Туманный Перевал vs Путешественники-Кометы — Дальний Бугор
  18:00 | Путешественники-Кометы — Дальний Бугор vs Золотые Колокольчики — Туманный Перевал

04.09.2026 (пт)
  15:00 | Пурпурные Мячники — Гусиное Копытце vs Одуванчиковый Отряд — Полянка Дубровна
  15:00 | Одуванчиковый Отряд — Полянка Дубровна vs Пурпурные Мячники — Гусиное Копытце

05.09.2026 (сб)
  12:00 | Одуванчиковый Отряд — Полянка Дубровна vs Небесные Дудочки — Звёздный Ключ
  12:00 | Небесные Дудочки — Звёздный Ключ vs Одуванчиковый Отряд — Полянка Дубровна
  15:00 | Золотые Колокольчики — Туманный Перевал vs Снежные Ласточки — Снежноград
  15:00 | Снежные Ласточки — Снежноград vs Золотые Колокольчики — Туманный Перевал

11.09.2026 (пт)
  12:00 | Изумрудные Стражи — Изумрудград vs Золотые Колокольчики — Туманный Перевал
  12:00 | Золотые Колокольчики — Туманный Перевал vs Изумрудные Стражи — Изумрудград
  15:00 | Изумрудные Стражи — Изумрудград vs Радужные Мосты — Светлый Порог
  15:00 | Радужные Мосты — Светлый Порог vs Изумрудные Стражи — Изумрудград
  18:00 | Берёзовые Струны — Берёзовая Роща vs Золотые Колокольчики — Туманный Перевал
  18:00 | Золотые Колокольчики — Туманный Перевал vs Берёзовые Струны — Берёзовая Роща

12.09.2026 (сб)
  15:00 | Лунные Кони — Луногорье vs Путешественники-Кометы — Дальний Бугор
  15:00 | Путешественники-Кометы — Дальний Бугор vs Лунные Кони — Луногорье

18.09.2026 (пт)
  15:00 | Пурпурные Мячники — Гусиное Копытце vs Радужные Мосты — Светлый Порог
  15:00 | Радужные Мосты — Светлый Порог vs Пурпурные Мячники — Гусиное Копытце

19.09.2026 (сб)
  15:00 | Ветерок-Игрун — Берёзовая Роща vs Снежные Ласточки — Снежноград
  15:00 | Снежные Ласточки — Снежноград vs Ветерок-Игрун — Берёзовая Роща

25.09.2026 (пт)
  15:00 | Пурпурные Мячники — Гусиное Копытце vs Снежные Ласточки — Снежноград
  15:00 | Снежные Ласточки — Снежноград vs Пурпурные Мячники — Гусиное Копытце
  18:00 | Туманные Шалопаи — Туманный Перевал vs Шелковые Крылья — Тихий Сад
  18:00 | Шелковые Крылья — Тихий Сад vs Туманные Шалопаи — Туманный Перевал

26.09.2026 (сб)
  15:00 | Ветерок-Игрун — Берёзовая Роща vs Одуванчиковый Отряд — Полянка Дубровна
  15:00 | Одуванчиковый Отряд — Полянка Дубровна vs Ветерок-Игрун — Берёзовая Роща
  18:00 | Туманные Шалопаи — Туманный Перевал vs Одуванчиковый Отряд — Полянка Дубровна
  18:00 | Одуванчиковый Отряд — Полянка Дубровна vs Туманные Шалопаи — Туманный Перевал

27.09.2026 (вс)
  12:00 | Золотые Колокольчики — Туманный Перевал vs Вишнёвые Краги — Вишнёвая Застава
  12:00 | Вишнёвые Краги — Вишнёвая Застава vs Золотые Колокольчики — Туманный Перевал

02.10.2026 (пт)
  12:00 | Хохотунчики — Бархатный Холм vs Снежные Ласточки — Снежноград
  12:00 | Снежные Ласточки — Снежноград vs Хохотунчики — Бархатный Холм
  15:00 | Одуванчиковый Отряд — Полянка Дубровна vs Рыжие Погоны — Крапивное
  15:00 | Рыжие Погоны — Крапивное vs Одуванчиковый Отряд — Полянка Дубровна
  18:00 | Хрустальные Флаги — Изумрудград vs Золотые Колокольчики — Туманный Перевал
  18:00 | Золотые Колокольчики — Туманный Перевал vs Хрустальные Флаги — Изумрудград

04.10.2026 (вс)
  18:00 | Хрустальные Флаги — Изумрудград vs Рыжие Погоны — Крапивное
  18:00 | Рыжие Погоны — Крапивное vs Хрустальные Флаги — Изумрудград

09.10.2026 (пт)
  12:00 | Изумрудные Стражи — Изумрудград vs Одуванчиковый Отряд — Полянка Дубровна
  12:00 | Одуванчиковый Отряд — Полянка Дубровна vs Изумрудные Стражи — Изумрудград

10.10.2026 (сб)
  12:00 | Хрустальные Флаги — Изумрудград vs Соломенные Валы — Липовый Бор
  12:00 | Соломенные Валы — Липовый Бор vs Хрустальные Флаги — Изумрудград

16.10.2026 (пт)
  12:00 | Берёзовые Струны — Берёзовая Роща vs Рыжие Погоны — Крапивное
  12:00 | Рыжие Погоны — Крапивное vs Берёзовые Струны — Берёзовая Роща

17.10.2026 (сб)
  18:00 | Ветерок-Игрун — Берёзовая Роща vs Путешественники-Кометы — Дальний Бугор
  18:00 | Путешественники-Кометы — Дальний Бугор vs Ветерок-Игрун — Берёзовая Роща

18.10.2026 (вс)
  15:00 | Одуванчиковый Отряд — Полянка Дубровна vs Вишнёвые Краги — Вишнёвая Застава
  15:00 | Вишнёвые Краги — Вишнёвая Застава vs Одуванчиковый Отряд — Полянка Дубровна
  18:00 | Изумрудные Стражи — Изумрудград vs Туманные Шалопаи — Туманный Перевал
  18:00 | Туманные Шалопаи — Туманный Перевал vs Изумрудные Стражи — Изумрудград

23.10.2026 (пт)
  18:00 | Золотые Колокольчики — Туманный Перевал vs Одуванчиковый Отряд — Полянка Дубровна
  18:00 | Одуванчиковый Отряд — Полянка Дубровна vs Золотые Колокольчики — Туманный Перевал

24.10.2026 (сб)
  12:00 | Берёзовые Струны — Берёзовая Роща vs Сказочные Нити — Златолесье
  12:00 | Сказочные Нити — Златолесье vs Берёзовые Струны — Берёзовая Роща
  15:00 | Сказочные Нити — Златолесье vs Снежные Ласточки — Снежноград
  15:00 | Снежные Ласточки — Снежноград vs Сказочные Нити — Златолесье
  18:00 | Хрустальные Флаги — Изумрудград vs Ветерок-Игрун — Берёзовая Роща
  18:00 | Ветерок-Игрун — Берёзовая Роща vs Хрустальные Флаги — Изумрудград

25.10.2026 (вс)
  12:00 | Соломенные Валы — Липовый Бор vs Радужные Мосты — Светлый Порог
  12:00 | Радужные Мосты — Светлый Порог vs Соломенные Валы — Липовый Бор
  18:00 | Ветерок-Игрун — Берёзовая Роща vs Пурпурные Мячники — Гусиное Копытце
  18:00 | Пурпурные Мячники — Гусиное Копытце vs Ветерок-Игрун — Берёзовая Роща

30.10.2026 (пт)
  12:00 | Радужные Мосты — Светлый Порог vs Рыжие Погоны — Крапивное
  12:00 | Рыжие Погоны — Крапивное vs Радужные Мосты — Светлый Порог
  18:00 | Соломенные Валы — Липовый Бор vs Вишнёвые Краги — Вишнёвая Застава
  18:00 | Вишнёвые Краги — Вишнёвая Застава vs Соломенные Валы — Липовый Бор

31.10.2026 (сб)
  15:00 | Сказочные Нити — Златолесье vs Шелковые Крылья — Тихий Сад
  15:00 | Шелковые Крылья — Тихий Сад vs Сказочные Нити — Златолесье
  18:00 | Одуванчиковый Отряд — Полянка Дубровна vs Шелковые Крылья — Тихий Сад
  18:00 | Шелковые Крылья — Тихий Сад vs Одуванчиковый Отряд — Полянка Дубровна

01.11.2026 (вс)
  18:00 | Хохотунчики — Бархатный Холм vs Пурпурные Мячники — Гусиное Копытце
  18:00 | Пурпурные Мячники — Гусиное Копытце vs Хохотунчики — Бархатный Холм

06.11.2026 (пт)
  12:00 | Радужные Мосты — Светлый Порог vs Снежные Ласточки — Снежноград
  12:00 | Снежные Ласточки — Снежноград vs Радужные Мосты — Светлый Порог

07.11.2026 (сб)
  18:00 | Небесные Дудочки — Звёздный Ключ vs Путешественники-Кометы — Дальний Бугор
  18:00 | Путешественники-Кометы — Дальний Бугор vs Небесные Дудочки — Звёздный Ключ

08.11.2026 (вс)
  15:00 | Изумрудные Стражи — Изумрудград vs Небесные Дудочки — Звёздный Ключ
  15:00 | Небесные Дудочки — Звёздный Ключ vs Изумрудные Стражи — Изумрудград

13.11.2026 (пт)
  18:00 | Хрустальные Флаги — Изумрудград vs Берёзовые Струны — Берёзовая Роща
  18:00 | Берёзовые Струны — Берёзовая Роща vs Хрустальные Флаги — Изумрудград

14.11.2026 (сб)
  12:00 | Радужные Мосты — Светлый Порог vs Вишнёвые Краги — Вишнёвая Застава
  12:00 | Вишнёвые Краги — Вишнёвая Застава vs Радужные Мосты — Светлый Порог

20.11.2026 (пт)
  12:00 | Одуванчиковый Отряд — Полянка Дубровна vs Снежные Ласточки — Снежноград
  12:00 | Снежные Ласточки — Снежноград vs Одуванчиковый Отряд — Полянка Дубровна
  15:00 | Берёзовые Струны — Берёзовая Роща vs Радужные Мосты — Светлый Порог
  15:00 | Радужные Мосты — Светлый Порог vs Берёзовые Струны — Берёзовая Роща
  18:00 | Туманные Шалопаи — Туманный Перевал vs Золотые Колокольчики — Туманный Перевал
  18:00 | Золотые Колокольчики — Туманный Перевал vs Туманные Шалопаи — Туманный Перевал

21.11.2026 (сб)
  12:00 | Одуванчиковый Отряд — Полянка Дубровна vs Путешественники-Кометы — Дальний Бугор
  12:00 | Путешественники-Кометы — Дальний Бугор vs Одуванчиковый Отряд — Полянка Дубровна
  15:00 | Речной Сонет — Качаловка vs Радужные Мосты — Светлый Порог
  15:00 | Радужные Мосты — Светлый Порог vs Речной Сонет — Качаловка

27.11.2026 (пт)
  12:00 | Изумрудные Стражи — Изумрудград vs Ветерок-Игрун — Берёзовая Роща
  12:00 | Ветерок-Игрун — Берёзовая Роща vs Изумрудные Стражи — Изумрудград

28.11.2026 (сб)
  18:00 | Изумрудные Стражи — Изумрудград vs Путешественники-Кометы — Дальний Бугор
  18:00 | Путешественники-Кометы — Дальний Бугор vs Изумрудные Стражи — Изумрудград

29.11.2026 (вс)
  15:00 | Ветерок-Игрун — Берёзовая Роща vs Вишнёвые Краги — Вишнёвая Застава
  15:00 | Вишнёвые Краги — Вишнёвая Застава vs Ветерок-Игрун — Берёзовая Роща
  18:00 | Хрустальные Флаги — Изумрудград vs Одуванчиковый Отряд — Полянка Дубровна
  18:00 | Одуванчиковый Отряд — Полянка Дубровна vs Хрустальные Флаги — Изумрудград

04.12.2026 (пт)
  18:00 | Лунные Кони — Луногорье vs Шелковые Крылья — Тихий Сад
  18:00 | Шелковые Крылья — Тихий Сад vs Лунные Кони — Луногорье

05.12.2026 (сб)
  12:00 | Изумрудные Стражи — Изумрудград vs Хохотунчики — Бархатный Холм
  12:00 | Хохотунчики — Бархатный Холм vs Изумрудные Стражи — Изумрудград

06.12.2026 (вс)
  18:00 | Шелковые Крылья — Тихий Сад vs Путешественники-Кометы — Дальний Бугор
  18:00 | Путешественники-Кометы — Дальний Бугор vs Шелковые Крылья — Тихий Сад

12.12.2026 (сб)
  18:00 | Лунные Кони — Луногорье vs Соломенные Валы — Липовый Бор
  18:00 | Соломенные Валы — Липовый Бор vs Лунные Кони — Луногорье

18.12.2026 (пт)
  12:00 | Золотые Колокольчики — Туманный Перевал vs Небесные Дудочки — Звёздный Ключ
  12:00 | Небесные Дудочки — Звёздный Ключ vs Золотые Колокольчики — Туманный Перевал
  15:00 | Берёзовые Струны — Берёзовая Роща vs Вишнёвые Краги — Вишнёвая Застава
  15:00 | Вишнёвые Краги — Вишнёвая Застава vs Берёзовые Струны — Берёзовая Роща
  18:00 | Туманные Шалопаи — Туманный Перевал vs Снежные Ласточки — Снежноград
  18:00 | Снежные Ласточки — Снежноград vs Туманные Шалопаи — Туманный Перевал

19.12.2026 (сб)
  15:00 | Лунные Кони — Луногорье vs Рыжие Погоны — Крапивное
  15:00 | Рыжие Погоны — Крапивное vs Лунные Кони — Луногорье

20.12.2026 (вс)
  15:00 | Сказочные Нити — Златолесье vs Радужные Мосты — Светлый Порог
  15:00 | Радужные Мосты — Светлый Порог vs Сказочные Нити — Златолесье
  18:00 | Хрустальные Флаги — Изумрудград vs Радужные Мосты — Светлый Порог
  18:00 | Радужные Мосты — Светлый Порог vs Хрустальные Флаги — Изумрудград

25.12.2026 (пт)
  12:00 | Речной Сонет — Качаловка vs Небесные Дудочки — Звёздный Ключ
  12:00 | Небесные Дудочки — Звёздный Ключ vs Речной Сонет — Качаловка
  15:00 | Ветерок-Игрун — Берёзовая Роща vs Сказочные Нити — Златолесье
  15:00 | Сказочные Нити — Златолесье vs Ветерок-Игрун — Берёзовая Роща
  18:00 | Лунные Кони — Луногорье vs Радужные Мосты — Светлый Порог
  18:00 | Радужные Мосты — Светлый Порог vs Лунные Кони — Луногорье

26.12.2026 (сб)
  12:00 | Сказочные Нити — Златолесье vs Одуванчиковый Отряд — Полянка Дубровна
  12:00 | Одуванчиковый Отряд — Полянка Дубровна vs Сказочные Нити — Златолесье
  18:00 | Хохотунчики — Бархатный Холм vs Рыжие Погоны — Крапивное
  18:00 | Рыжие Погоны — Крапивное vs Хохотунчики — Бархатный Холм

27.12.2026 (вс)
  12:00 | Берёзовые Струны — Берёзовая Роща vs Путешественники-Кометы — Дальний Бугор
  12:00 | Путешественники-Кометы — Дальний Бугор vs Берёзовые Струны — Берёзовая Роща
  15:00 | Радужные Мосты — Светлый Порог vs Небесные Дудочки — Звёздный Ключ
  15:00 | Небесные Дудочки — Звёздный Ключ vs Радужные Мосты — Светлый Порог

01.01.2027 (пт)
  18:00 | Речной Сонет — Качаловка vs Шелковые Крылья — Тихий Сад
  18:00 | Шелковые Крылья — Тихий Сад vs Речной Сонет — Качаловка

02.01.2027 (сб)
  12:00 | Хрустальные Флаги — Изумрудград vs Туманные Шалопаи — Туманный Перевал
  12:00 | Туманные Шалопаи — Туманный Перевал vs Хрустальные Флаги — Изумрудград
  15:00 | Изумрудные Стражи — Изумрудград vs Рыжие Погоны — Крапивное
  15:00 | Рыжие Погоны — Крапивное vs Изумрудные Стражи — Изумрудград
  18:00 | Хрустальные Флаги — Изумрудград vs Небесные Дудочки — Звёздный Ключ
  18:00 | Небесные Дудочки — Звёздный Ключ vs Хрустальные Флаги — Изумрудград

08.01.2027 (пт)
  12:00 | Хрустальные Флаги — Изумрудград vs Пурпурные Мячники — Гусиное Копытце
  12:00 | Пурпурные Мячники — Гусиное Копытце vs Хрустальные Флаги — Изумрудград

09.01.2027 (сб)
  12:00 | Лунные Кони — Луногорье vs Золотые Колокольчики — Туманный Перевал
  12:00 | Золотые Колокольчики — Туманный Перевал vs Лунные Кони — Луногорье
  15:00 | Речной Сонет — Качаловка vs Соломенные Валы — Липовый Бор
  15:00 | Соломенные Валы — Липовый Бор vs Речной Сонет — Качаловка

10.01.2027 (вс)
  15:00 | Лунные Кони — Луногорье vs Хохотунчики — Бархатный Холм
  15:00 | Хохотунчики — Бархатный Холм vs Лунные Кони — Луногорье
  18:00 | Ветерок-Игрун — Берёзовая Роща vs Туманные Шалопаи — Туманный Перевал
  18:00 | Туманные Шалопаи — Туманный Перевал vs Ветерок-Игрун — Берёзовая Роща

16.01.2027 (сб)
  12:00 | Сказочные Нити — Златолесье vs Пурпурные Мячники — Гусиное Копытце
  12:00 | Пурпурные Мячники — Гусиное Копытце vs Сказочные Нити — Златолесье
  18:00 | Изумрудные Стражи — Изумрудград vs Хрустальные Флаги — Изумрудград
  18:00 | Хрустальные Флаги — Изумрудград vs Изумрудные Стражи — Изумрудград

17.01.2027 (вс)
  12:00 | Изумрудные Стражи — Изумрудград vs Сказочные Нити — Златолесье
  12:00 | Сказочные Нити — Златолесье vs Изумрудные Стражи — Изумрудград

22.01.2027 (пт)
  12:00 | Радужные Мосты — Светлый Порог vs Одуванчиковый Отряд — Полянка Дубровна
  12:00 | Одуванчиковый Отряд — Полянка Дубровна vs Радужные Мосты — Светлый Порог
  18:00 | Рыжие Погоны — Крапивное vs Снежные Ласточки — Снежноград
  18:00 | Снежные Ласточки — Снежноград vs Рыжие Погоны — Крапивное

23.01.2027 (сб)
  15:00 | Изумрудные Стражи — Изумрудград vs Лунные Кони — Луногорье
  15:00 | Лунные Кони — Луногорье vs Изумрудные Стражи — Изумрудград

24.01.2027 (вс)
  18:00 | Сказочные Нити — Златолесье vs Небесные Дудочки — Звёздный Ключ
  18:00 | Небесные Дудочки — Звёздный Ключ vs Сказочные Нити — Златолесье

29.01.2027 (пт)
  12:00 | Соломенные Валы — Липовый Бор vs Путешественники-Кометы — Дальний Бугор
  12:00 | Путешественники-Кометы — Дальний Бугор vs Соломенные Валы — Липовый Бор
  15:00 | Туманные Шалопаи — Туманный Перевал vs Пурпурные Мячники — Гусиное Копытце
  15:00 | Пурпурные Мячники — Гусиное Копытце vs Туманные Шалопаи — Туманный Перевал
  18:00 | Туманные Шалопаи — Туманный Перевал vs Хохотунчики — Бархатный Холм
  18:00 | Хохотунчики — Бархатный Холм vs Туманные Шалопаи — Туманный Перевал

30.01.2027 (сб)
  12:00 | Берёзовые Струны — Берёзовая Роща vs Хохотунчики — Бархатный Холм
  12:00 | Хохотунчики — Бархатный Холм vs Берёзовые Струны — Берёзовая Роща
  18:00 | Речной Сонет — Качаловка vs Вишнёвые Краги — Вишнёвая Застава
  18:00 | Вишнёвые Краги — Вишнёвая Застава vs Речной Сонет — Качаловка

31.01.2027 (вс)
  12:00 | Золотые Колокольчики — Туманный Перевал vs Сказочные Нити — Златолесье
  12:00 | Сказочные Нити — Златолесье vs Золотые Колокольчики — Туманный Перевал
  15:00 | Берёзовые Струны — Берёзовая Роща vs Речной Сонет — Качаловка
  15:00 | Речной Сонет — Качаловка vs Берёзовые Струны — Берёзовая Роща
  18:00 | Лунные Кони — Луногорье vs Небесные Дудочки — Звёздный Ключ
  18:00 | Небесные Дудочки — Звёздный Ключ vs Лунные Кони — Луногорье

05.02.2027 (пт)
  12:00 | Золотые Колокольчики — Туманный Перевал vs Соломенные Валы — Липовый Бор
  12:00 | Соломенные Валы — Липовый Бор vs Золотые Колокольчики — Туманный Перевал
  18:00 | Туманные Шалопаи — Туманный Перевал vs Речной Сонет — Качаловка
  18:00 | Речной Сонет — Качаловка vs Туманные Шалопаи — Туманный Перевал

06.02.2027 (сб)
  15:00 | Лунные Кони — Луногорье vs Берёзовые Струны — Берёзовая Роща
  15:00 | Берёзовые Струны — Берёзовая Роща vs Лунные Кони — Луногорье
  18:00 | Речной Сонет — Качаловка vs Путешественники-Кометы — Дальний Бугор
  18:00 | Путешественники-Кометы — Дальний Бугор vs Речной Сонет — Качаловка

07.02.2027 (вс)
  12:00 | Соломенные Валы — Липовый Бор vs Пурпурные Мячники — Гусиное Копытце
  12:00 | Пурпурные Мячники — Гусиное Копытце vs Соломенные Валы — Липовый Бор
  15:00 | Сказочные Нити — Златолесье vs Рыжие Погоны — Крапивное
  15:00 | Рыжие Погоны — Крапивное vs Сказочные Нити — Златолесье
  18:00 | Ветерок-Игрун — Берёзовая Роща vs Радужные Мосты — Светлый Порог
  18:00 | Радужные Мосты — Светлый Порог vs Ветерок-Игрун — Берёзовая Роща

12.02.2027 (пт)
  15:00 | Сказочные Нити — Златолесье vs Хохотунчики — Бархатный Холм
  15:00 | Хохотунчики — Бархатный Холм vs Сказочные Нити — Златолесье

13.02.2027 (сб)
  12:00 | Речной Сонет — Качаловка vs Снежные Ласточки — Снежноград
  12:00 | Снежные Ласточки — Снежноград vs Речной Сонет — Качаловка
  15:00 | Берёзовые Струны — Берёзовая Роща vs Одуванчиковый Отряд — Полянка Дубровна
  15:00 | Одуванчиковый Отряд — Полянка Дубровна vs Берёзовые Струны — Берёзовая Роща

14.02.2027 (вс)
  12:00 | Золотые Колокольчики — Туманный Перевал vs Рыжие Погоны — Крапивное
  12:00 | Рыжие Погоны — Крапивное vs Золотые Колокольчики — Туманный Перевал

19.02.2027 (пт)
  12:00 | Лунные Кони — Луногорье vs Туманные Шалопаи — Туманный Перевал
  12:00 | Туманные Шалопаи — Туманный Перевал vs Лунные Кони — Луногорье
  15:00 | Лунные Кони — Луногорье vs Сказочные Нити — Златолесье
  15:00 | Сказочные Нити — Златолесье vs Лунные Кони — Луногорье

21.02.2027 (вс)
  12:00 | Золотые Колокольчики — Туманный Перевал vs Радужные Мосты — Светлый Порог
  12:00 | Радужные Мосты — Светлый Порог vs Золотые Колокольчики — Туманный Перевал
  15:00 | Хрустальные Флаги — Изумрудград vs Снежные Ласточки — Снежноград
  15:00 | Снежные Ласточки — Снежноград vs Хрустальные Флаги — Изумрудград

26.02.2027 (пт)
  12:00 | Туманные Шалопаи — Туманный Перевал vs Соломенные Валы — Липовый Бор
  12:00 | Соломенные Валы — Липовый Бор vs Туманные Шалопаи — Туманный Перевал

27.02.2027 (сб)
  12:00 | Берёзовые Струны — Берёзовая Роща vs Шелковые Крылья — Тихий Сад
  12:00 | Шелковые Крылья — Тихий Сад vs Берёзовые Струны — Берёзовая Роща
  15:00 | Лунные Кони — Луногорье vs Снежные Ласточки — Снежноград
  15:00 | Снежные Ласточки — Снежноград vs Лунные Кони — Луногорье

28.02.2027 (вс)
  12:00 | Рыжие Погоны — Крапивное vs Шелковые Крылья — Тихий Сад
  12:00 | Шелковые Крылья — Тихий Сад vs Рыжие Погоны — Крапивное
  15:00 | Хрустальные Флаги — Изумрудград vs Шелковые Крылья — Тихий Сад
  15:00 | Шелковые Крылья — Тихий Сад vs Хрустальные Флаги — Изумрудград
  18:00 | Лунные Кони — Луногорье vs Речной Сонет — Качаловка
  18:00 | Речной Сонет — Качаловка vs Лунные Кони — Луногорье

05.03.2027 (пт)
  15:00 | Речной Сонет — Качаловка vs Сказочные Нити — Златолесье
  15:00 | Сказочные Нити — Златолесье vs Речной Сонет — Качаловка
  18:00 | Ветерок-Игрун — Берёзовая Роща vs Речной Сонет — Качаловка
  18:00 | Речной Сонет — Качаловка vs Ветерок-Игрун — Берёзовая Роща

06.03.2027 (сб)
  15:00 | Сказочные Нити — Златолесье vs Соломенные Валы — Липовый Бор
  15:00 | Соломенные Валы — Липовый Бор vs Сказочные Нити — Златолесье

07.03.2027 (вс)
  12:00 | Сказочные Нити — Златолесье vs Путешественники-Кометы — Дальний Бугор
  12:00 | Путешественники-Кометы — Дальний Бугор vs Сказочные Нити — Златолесье
  18:00 | Соломенные Валы — Липовый Бор vs Небесные Дудочки — Звёздный Ключ
  18:00 | Небесные Дудочки — Звёздный Ключ vs Соломенные Валы — Липовый Бор

12.03.2027 (пт)
  12:00 | Небесные Дудочки — Звёздный Ключ vs Шелковые Крылья — Тихий Сад
  12:00 | Шелковые Крылья — Тихий Сад vs Небесные Дудочки — Звёздный Ключ
  15:00 | Лунные Кони — Луногорье vs Хрустальные Флаги — Изумрудград
  15:00 | Хрустальные Флаги — Изумрудград vs Лунные Кони — Луногорье

13.03.2027 (сб)
  12:00 | Речной Сонет — Качаловка vs Хохотунчики — Бархатный Холм
  12:00 | Хохотунчики — Бархатный Холм vs Речной Сонет — Качаловка
  15:00 | Изумрудные Стражи — Изумрудград vs Пурпурные Мячники — Гусиное Копытце
  15:00 | Пурпурные Мячники — Гусиное Копытце vs Изумрудные Стражи — Изумрудград
  18:00 | Хохотунчики — Бархатный Холм vs Вишнёвые Краги — Вишнёвая Застава
  18:00 | Вишнёвые Краги — Вишнёвая Застава vs Хохотунчики — Бархатный Холм

14.03.2027 (вс)
  15:00 | Хохотунчики — Бархатный Холм vs Небесные Дудочки — Звёздный Ключ
  15:00 | Небесные Дудочки — Звёздный Ключ vs Хохотунчики — Бархатный Холм
  18:00 | Хохотунчики — Бархатный Холм vs Соломенные Валы — Липовый Бор
  18:00 | Соломенные Валы — Липовый Бор vs Хохотунчики — Бархатный Холм

19.03.2027 (пт)
  12:00 | Рыжие Погоны — Крапивное vs Путешественники-Кометы — Дальний Бугор
  12:00 | Путешественники-Кометы — Дальний Бугор vs Рыжие Погоны — Крапивное
  15:00 | Вишнёвые Краги — Вишнёвая Застава vs Путешественники-Кометы — Дальний Бугор
  15:00 | Путешественники-Кометы — Дальний Бугор vs Вишнёвые Краги — Вишнёвая Застава

20.03.2027 (сб)
  12:00 | Соломенные Валы — Липовый Бор vs Шелковые Крылья — Тихий Сад
  12:00 | Шелковые Крылья — Тихий Сад vs Соломенные Валы — Липовый Бор
  15:00 | Берёзовые Струны — Берёзовая Роща vs Туманные Шалопаи — Туманный Перевал
  15:00 | Туманные Шалопаи — Туманный Перевал vs Берёзовые Струны — Берёзовая Роща
  18:00 | Туманные Шалопаи — Туманный Перевал vs Вишнёвые Краги — Вишнёвая Застава
  18:00 | Вишнёвые Краги — Вишнёвая Застава vs Туманные Шалопаи — Туманный Перевал

21.03.2027 (вс)
  18:00 | Изумрудные Стражи — Изумрудград vs Шелковые Крылья — Тихий Сад
  18:00 | Шелковые Крылья — Тихий Сад vs Изумрудные Стражи — Изумрудград

26.03.2027 (пт)
  12:00 | Речной Сонет — Качаловка vs Рыжие Погоны — Крапивное
  12:00 | Рыжие Погоны — Крапивное vs Речной Сонет — Качаловка
  18:00 | Ветерок-Игрун — Берёзовая Роща vs Соломенные Валы — Липовый Бор
  18:00 | Соломенные Валы — Липовый Бор vs Ветерок-Игрун — Берёзовая Роща

27.03.2027 (сб)
  12:00 | Хрустальные Флаги — Изумрудград vs Путешественники-Кометы — Дальний Бугор
  12:00 | Путешественники-Кометы — Дальний Бугор vs Хрустальные Флаги — Изумрудград
  15:00 | Туманные Шалопаи — Туманный Перевал vs Радужные Мосты — Светлый Порог
  15:00 | Радужные Мосты — Светлый Порог vs Туманные Шалопаи — Туманный Перевал

28.03.2027 (вс)
  18:00 | Небесные Дудочки — Звёздный Ключ vs Вишнёвые Краги — Вишнёвая Застава
  18:00 | Вишнёвые Краги — Вишнёвая Застава vs Небесные Дудочки — Звёздный Ключ

02.04.2027 (пт)
  15:00 | Ветерок-Игрун — Берёзовая Роща vs Берёзовые Струны — Берёзовая Роща
  15:00 | Берёзовые Струны — Берёзовая Роща vs Ветерок-Игрун — Берёзовая Роща
  18:00 | Соломенные Валы — Липовый Бор vs Рыжие Погоны — Крапивное
  18:00 | Рыжие Погоны — Крапивное vs Соломенные Валы — Липовый Бор

03.04.2027 (сб)
  12:00 | Хохотунчики — Бархатный Холм vs Шелковые Крылья — Тихий Сад
  12:00 | Шелковые Крылья — Тихий Сад vs Хохотунчики — Бархатный Холм
  15:00 | Туманные Шалопаи — Туманный Перевал vs Небесные Дудочки — Звёздный Ключ
  15:00 | Небесные Дудочки — Звёздный Ключ vs Туманные Шалопаи — Туманный Перевал

04.04.2027 (вс)
  15:00 | Хохотунчики — Бархатный Холм vs Одуванчиковый Отряд — Полянка Дубровна
  15:00 | Одуванчиковый Отряд — Полянка Дубровна vs Хохотунчики — Бархатный Холм

10.04.2027 (сб)
  12:00 | Хрустальные Флаги — Изумрудград vs Хохотунчики — Бархатный Холм
  12:00 | Хохотунчики — Бархатный Холм vs Хрустальные Флаги — Изумрудград
  18:00 | Изумрудные Стражи — Изумрудград vs Снежные Ласточки — Снежноград
  18:00 | Снежные Ласточки — Снежноград vs Изумрудные Стражи — Изумрудград

11.04.2027 (вс)
  15:00 | Речной Сонет — Качаловка vs Одуванчиковый Отряд — Полянка Дубровна
  15:00 | Одуванчиковый Отряд — Полянка Дубровна vs Речной Сонет — Качаловка

16.04.2027 (пт)
  15:00 | Золотые Колокольчики — Туманный Перевал vs Шелковые Крылья — Тихий Сад
  15:00 | Шелковые Крылья — Тихий Сад vs Золотые Колокольчики — Туманный Перевал

17.04.2027 (сб)
  18:00 | Радужные Мосты — Светлый Порог vs Шелковые Крылья — Тихий Сад
  18:00 | Шелковые Крылья — Тихий Сад vs Радужные Мосты — Светлый Порог

18.04.2027 (вс)
  12:00 | Пурпурные Мячники — Гусиное Копытце vs Небесные Дудочки — Звёздный Ключ
  12:00 | Небесные Дудочки — Звёздный Ключ vs Пурпурные Мячники — Гусиное Копытце
  18:00 | Пурпурные Мячники — Гусиное Копытце vs Рыжие Погоны — Крапивное
  18:00 | Рыжие Погоны — Крапивное vs Пурпурные Мячники — Гусиное Копытце

23.04.2027 (пт)
  12:00 | Соломенные Валы — Липовый Бор vs Одуванчиковый Отряд — Полянка Дубровна
  12:00 | Одуванчиковый Отряд — Полянка Дубровна vs Соломенные Валы — Липовый Бор
  15:00 | Ветерок-Игрун — Берёзовая Роща vs Хохотунчики — Бархатный Холм
  15:00 | Хохотунчики — Бархатный Холм vs Ветерок-Игрун — Берёзовая Роща
  18:00 | Берёзовые Струны — Берёзовая Роща vs Небесные Дудочки — Звёздный Ключ
  18:00 | Небесные Дудочки — Звёздный Ключ vs Берёзовые Струны — Берёзовая Роща

24.04.2027 (сб)
  18:00 | Хохотунчики — Бархатный Холм vs Путешественники-Кометы — Дальний Бугор
  18:00 | Путешественники-Кометы — Дальний Бугор vs Хохотунчики — Бархатный Холм

30.04.2027 (пт)
  18:00 | Туманные Шалопаи — Туманный Перевал vs Рыжие Погоны — Крапивное
  18:00 | Рыжие Погоны — Крапивное vs Туманные Шалопаи — Туманный Перевал

01.05.2027 (сб)
  15:00 | Золотые Колокольчики — Туманный Перевал vs Пурпурные Мячники — Гусиное Копытце
  15:00 | Пурпурные Мячники — Гусиное Копытце vs Золотые Колокольчики — Туманный Перевал
  18:00 | Снежные Ласточки — Снежноград vs Шелковые Крылья — Тихий Сад
  18:00 | Шелковые Крылья — Тихий Сад vs Снежные Ласточки — Снежноград

02.05.2027 (вс)
  15:00 | Пурпурные Мячники — Гусиное Копытце vs Вишнёвые Краги — Вишнёвая Застава
  15:00 | Вишнёвые Краги — Вишнёвая Застава vs Пурпурные Мячники — Гусиное Копытце
  18:00 | Ветерок-Игрун — Берёзовая Роща vs Рыжие Погоны — Крапивное
  18:00 | Рыжие Погоны — Крапивное vs Ветерок-Игрун — Берёзовая Роща

07.05.2027 (пт)
  15:00 | Туманные Шалопаи — Туманный Перевал vs Путешественники-Кометы — Дальний Бугор
  15:00 | Путешественники-Кометы — Дальний Бугор vs Туманные Шалопаи — Туманный Перевал
  18:00 | Рыжие Погоны — Крапивное vs Небесные Дудочки — Звёздный Ключ
  18:00 | Небесные Дудочки — Звёздный Ключ vs Рыжие Погоны — Крапивное

08.05.2027 (сб)
  12:00 | Берёзовые Струны — Берёзовая Роща vs Пурпурные Мячники — Гусиное Копытце
  12:00 | Пурпурные Мячники — Гусиное Копытце vs Берёзовые Струны — Берёзовая Роща
  18:00 | Хрустальные Флаги — Изумрудград vs Вишнёвые Краги — Вишнёвая Застава
  18:00 | Вишнёвые Краги — Вишнёвая Застава vs Хрустальные Флаги — Изумрудград

09.05.2027 (вс)
  12:00 | Берёзовые Струны — Берёзовая Роща vs Соломенные Валы — Липовый Бор
  12:00 | Соломенные Валы — Липовый Бор vs Берёзовые Струны — Берёзовая Роща

14.05.2027 (пт)
  12:00 | Изумрудные Стражи — Изумрудград vs Соломенные Валы — Липовый Бор
  12:00 | Соломенные Валы — Липовый Бор vs Изумрудные Стражи — Изумрудград

15.05.2027 (сб)
  15:00 | Лунные Кони — Луногорье vs Пурпурные Мячники — Гусиное Копытце
  15:00 | Пурпурные Мячники — Гусиное Копытце vs Лунные Кони — Луногорье
  18:00 | Золотые Колокольчики — Туманный Перевал vs Речной Сонет — Качаловка
  18:00 | Речной Сонет — Качаловка vs Золотые Колокольчики — Туманный Перевал

16.05.2027 (вс)
  15:00 | Пурпурные Мячники — Гусиное Копытце vs Путешественники-Кометы — Дальний Бугор
  15:00 | Путешественники-Кометы — Дальний Бугор vs Пурпурные Мячники — Гусиное Копытце
  18:00 | Пурпурные Мячники — Гусиное Копытце vs Шелковые Крылья — Тихий Сад
  18:00 | Шелковые Крылья — Тихий Сад vs Пурпурные Мячники — Гусиное Копытце

21.05.2027 (пт)
  18:00 | Вишнёвые Краги — Вишнёвая Застава vs Шелковые Крылья — Тихий Сад
  18:00 | Шелковые Крылья — Тихий Сад vs Вишнёвые Краги — Вишнёвая Застава

22.05.2027 (сб)
  18:00 | Соломенные Валы — Липовый Бор vs Снежные Ласточки — Снежноград
  18:00 | Снежные Ласточки — Снежноград vs Соломенные Валы — Липовый Бор

28.05.2027 (пт)
  12:00 | Ветерок-Игрун — Берёзовая Роща vs Золотые Колокольчики — Туманный Перевал
  12:00 | Золотые Колокольчики — Туманный Перевал vs Ветерок-Игрун — Берёзовая Роща
  18:00 | Изумрудные Стражи — Изумрудград vs Вишнёвые Краги — Вишнёвая Застава
  18:00 | Вишнёвые Краги — Вишнёвая Застава vs Изумрудные Стражи — Изумрудград

29.05.2027 (сб)
  15:00 | Радужные Мосты — Светлый Порог vs Путешественники-Кометы — Дальний Бугор
  15:00 | Путешественники-Кометы — Дальний Бугор vs Радужные Мосты — Светлый Порог

30.05.2027 (вс)
  18:00 | Хрустальные Флаги — Изумрудград vs Речной Сонет — Качаловка
  18:00 | Речной Сонет — Качаловка vs Хрустальные Флаги — Изумрудград

============================================================
